<?xml version="1.0" encoding="UTF-8"?>
<configuration>
<property resource="application.properties" />
<appender name="STDOUT" class="ch.qos.logback.core.ConsoleAppender">
		<!-- Log message format -->
		<encoder>
		     <pattern>[%X{X-B3-TraceId:-}] [%d{ISO8601}] [%-5.5p] [${APP_NAME}] [${HOSTNAME}] [%C] [%M] [%4L] %m%n
      <!-- #cloudwatch log read "[traceid, datetime, messagetype, appname, dockerid, classname, methodname, linenumber, message]"-->
      </pattern>
		</encoder>
</appender>


	<!-- Setting the root level of logging to INFO -->
<root level="info">
		<appender-ref ref="STDOUT" />
</root>
</configuration>

